Workbook

Sheet Petunjuk
B1: TEMPLATE INPUT SPD – UPTD PUSKESMAS MONCONGLOE
B3: Cara mengisi
B4: 1. Sheet 'Kegiatan': isi data umum satu surat tugas (sekali saja per ST).
B5: 2. Sheet 'Penugasan': satu BARIS = satu KUNJUNGAN. Pilih nama pegawai dari dropdown; NIP/NIK, pangkat, dan jabatan terisi otomatis.
B6: 3. Kolom Nomor SPD cukup diisi ANGKA URUT (mis. 2006). Nomor lengkap dirakit otomatis: angka urut/Kode Nomor SPD/bulan romawi/tahun dari Tanggal dikeluarkan (lihat kolom I). Satu pegawai = satu nomor; ulangi baris dengan angka yang SAMA untuk setiap kunjungannya.
B7: 4. Kolom 'Cek' harus bernilai OK di semua baris sebelum file diupload ke aplikasi.
B8: 5. Sheet 'Pegawai': daftar induk pegawai. Tambah/ubah di sini (nama harus persis sama dengan yang dipilih di Penugasan).
B10: Kode warna
B11: Sel kuning muda dengan huruf biru = isian yang harus diedit petugas.
B12: Sel abu-abu = terisi otomatis, jangan diubah.
B14: Catatan
B15: Daftar pegawai (sheet Pegawai) dikelola di repo aplikasi. Unduh template terbaru dari aplikasi setiap kali akan mengisi.
... B18: Format tanggal di kolom Tanggal: dd-mm-yyyy (isi sebagai tanggal, bukan teks).

Sheet Kegiatan
A1: Isian | B1: Nilai | C1: Keterangan
A2: Nomor Surat Tugas | B2: 2306/ST-BOK/PKM-ML/VIII/2026 | C2: Referensi ST
A3: Tanggal dikeluarkan (SPD) | B3: 46235 | C3: Tampil di 'Dikeluarkan di / Tanggal'
A4: Tempat dikeluarkan | B4: Moncongloe
A5: Pengguna Anggaran/Kuasa Pengguna Anggaran | B5: Kepala UPTD Puskesmas Moncongloe | C5: Item 1 SPD
A6: Maksud Perjalanan Dinas | B6: Kelas Ibu Balita | C6: Item 4 SPD
A7: Tingkat Biaya Perjalanan Dinas | B7: Biasa | C7: Item 3c SPD
A8: Alat Angkut yang dipergunakan | B8: Kendaraan Roda Dua | C8: Item 5 SPD
A9: Tempat Berangkat | B9: UPTD Puskesmas Moncongloe | C9: Item 6a SPD
A10: SKPD | B10: UPTD Puskesmas Moncongloe | C10: Item 9a SPD
A11: Kode Rekening | B11: 1 02 02 2.02 0015 | C11: Item 9b SPD
A12: Keterangan lain-lain | B12: - | C12: Item 10 SPD
A13: Nama Pejabat Penandatangan | B13: Muliati, SKM, M.Kes.
A14: NIP Pejabat Penandatangan | B14: 197811302015082001
A15: Kode Nomor SPD | B15: SPD-BOK/PKM-ML | C15: Nomor SPD = angka urut/kode ini/bulan romawi/tahun (dari Tanggal dikeluarkan)
A16: Dasar Surat Tugas | B16: Berdasarkan Rencana Pelaksanaan Kegiatan Tahun 2026 Bersumber Dana Biaya Operasional Kesehatan (BOK) | C16: Bagian 'Dasar' di Surat Tugas

Sheet Pegawai
A1: Nama (dan gelar) | B1: NIP / NIK | C1: Pangkat / Gol. Ruang | D1: Jabatan
A2: MULIATI, SKM., M.Kes | B2: 197811302015082001 | C2: Penata Tk 1 / III.d | D2: Sanitarian Ahli Muda/Kepala UPTD Puskesmas Moncongloe
A3: SULHIYAH MAHMUD, SKM.,M.Kes | B3: 197003031994022002 | C3: Pembina Utama / IV.c | D3: Sanitarian Ahli Madya
A4: dr.SRY WAHYUNI WARASTUTI, S.Ked | B4: 197412072006042019 | C4: Pembina Utama Muda/ IV.c | D4: Dokter Ahli Madya
A5: drg. NIRWANA, S.Kg.MH | B5: 196908092007012023 | C5: Pembina Tk.1 / IV.b | D5: Dokter Gigi Ahli Madya
A6: dr. TITI YULIANTI, S. Ked | B6: 198407132011012010 | C6: Pembina Tk.1 / IV.b | D6: Dokter Madya
A7: DANIAL, SKM | B7: 197911082006041014 | C7: Pembina Tk.1 / IV.b | D7: Epidemiolog Ahli Madya
A8: Bd. JETJE O, SIPAHELUT, S.ST | B8: 197109091991032010 | C8: Pembina Tk.1 / IV.b | D8: Bidan Ahli Madya
A9: SYURIYANI, S.Farm., Apt | B9: 197904272003122005 | C9: Pembina Tk.1 / IV.b | D9: Apoteker Ahli Madya
A10: NASIRAH , S.Kep, Ns | B10: 197812182003122010 | C10: Pembina Tk.1 / IV.b | D10: Perawat Ahli Madya
A11: RIDWAN RAHMAN,S.Kep.,Ns | B11: 198207312005021001 | C11: Pembina Tk 1 / IV.b | D11: Perawat Ahli Madya
A12: SITTI RAHMAWATI, S.Kep.,Ns., M.Kes | B12: 197509211998032003 | C12: Pembina / IV.a | D12: Perawat Ahli Muda
... A123: Riski Ilhani, A.Md.GZ | B123: 7309137007930001 | C123: - | D123: Gizi

Sheet Penugasan
A1: Nomor SPD (angka urut) | B1: Nama Pegawai | C1: Tempat Tujuan | D1: Tanggal | E1: NIP / NIK | F1: Pangkat / Gol. | G1: Jabatan | H1: Cek | I1: Nomor SPD lengkap (otomatis)
A2: 2310 | B2: RAHMIYATI R, S.Tr.Gz | C2: Tokka Desa Bonto Marannu | D2: 46235 | E2: =IF($B2="","",IFERROR(INDEX(Pegawai!$B:$B,MATCH($B2,Pegawai!$A:$A,0)),"")) | F2: =IF($B2="","",IFERROR(INDEX(Pegawai!$C:$C,MATCH($B2,Pegawai!$A:$A,0)),"")) | G2: =IF($B2="","",IFERROR(INDEX(Pegawai!$D:$D,MATCH($B2,Pegawai!$A:$A,0)),"")) | H2: =IF($B2="","",IF(ISNA(MATCH($B2,Pegawai!$A:$A,0)),"Nama tidak ada di daftar Pegawai",IF($A2="","Nomor SPD belum diisi",IF($C2="","Tempat tujuan kosong",IF(NOT(ISNUMBER($D2)),"Tanggal kosong/bukan tanggal",IF(COUNTIF($B$2:$B$200,$B2)>6,"OK",IF(COUNTIFS($B$2:$B$200,$B2,$A$2:$A$200,"<>"&$A2)>0,"Nomor SPD berbeda untuk pegawai yang sama","OK"))))))) | I2: =IF($A2="","",IF(ISNUMBER(SEARCH("/",$A2)),$A2,IF(Kegiatan!$B$3="","(isi Tanggal dikeluarkan)",$A2&"/"&Kegiatan!$B$15&"/"&ROMAN(MONTH(Kegiatan!$B$3))&"/"&YEAR(Kegiatan!$B$3))))
A3: 2310 | B3: RAHMIYATI R, S.Tr.Gz | C3: Leko Desa Bonto Marannu | D3: 46237 | E3: =IF($B3="","",IFERROR(INDEX(Pegawai!$B:$B,MATCH($B3,Pegawai!$A:$A,0)),"")) | F3: =IF($B3="","",IFERROR(INDEX(Pegawai!$C:$C,MATCH($B3,Pegawai!$A:$A,0)),"")) | G3: =IF($B3="","",IFERROR(INDEX(Pegawai!$D:$D,MATCH($B3,Pegawai!$A:$A,0)),"")) | H3: =IF($B3="","",IF(ISNA(MATCH($B3,Pegawai!$A:$A,0)),"Nama tidak ada di daftar Pegawai",IF($A3="","Nomor SPD belum diisi",IF($C3="","Tempat tujuan kosong",IF(NOT(ISNUMBER($D3)),"Tanggal kosong/bukan tanggal",IF(COUNTIF($B$2:$B$200,$B3)>6,"OK",IF(COUNTIFS($B$2:$B$200,$B3,$A$2:$A$200,"<>"&$A3)>0,"Nomor SPD berbeda untuk pegawai yang sama","OK"))))))) | I3: =IF($A3="","",IF(ISNUMBER(SEARCH("/",$A3)),$A3,IF(Kegiatan!$B$3="","(isi Tanggal dikeluarkan)",$A3&"/"&Kegiatan!$B$15&"/"&ROMAN(MONTH(Kegiatan!$B$3))&"/"&YEAR(Kegiatan!$B$3))))
A4: 2310 | B4: RAHMIYATI R, S.Tr.Gz | C4: Jambua Desa Bonto Marannu | D4: 46240 | E4: =IF($B4="","",IFERROR(INDEX(Pegawai!$B:$B,MATCH($B4,Pegawai!$A:$A,0)),"")) | F4: =IF($B4="","",IFERROR(INDEX(Pegawai!$C:$C,MATCH($B4,Pegawai!$A:$A,0)),"")) | G4: =IF($B4="","",IFERROR(INDEX(Pegawai!$D:$D,MATCH($B4,Pegawai!$A:$A,0)),"")) | H4: =IF($B4="","",IF(ISNA(MATCH($B4,Pegawai!$A:$A,0)),"Nama tidak ada di daftar Pegawai",IF($A4="","Nomor SPD belum diisi",IF($C4="","Tempat tujuan kosong",IF(NOT(ISNUMBER($D4)),"Tanggal kosong/bukan tanggal",IF(COUNTIF($B$2:$B$200,$B4)>6,"OK",IF(COUNTIFS($B$2:$B$200,$B4,$A$2:$A$200,"<>"&$A4)>0,"Nomor SPD berbeda untuk pegawai yang sama","OK"))))))) | I4: =IF($A4="","",IF(ISNUMBER(SEARCH("/",$A4)),$A4,IF(Kegiatan!$B$3="","(isi Tanggal dikeluarkan)",$A4&"/"&Kegiatan!$B$15&"/"&ROMAN(MONTH(Kegiatan!$B$3))&"/"&YEAR(Kegiatan!$B$3))))
A5: 2310 | B5: RAHMIYATI R, S.Tr.Gz | C5: Nirwana Desa Moncongloe Lappara | D5: 46249 | E5: =IF($B5="","",IFERROR(INDEX(Pegawai!$B:$B,MATCH($B5,Pegawai!$A:$A,0)),"")) | F5: =IF($B5="","",IFERROR(INDEX(Pegawai!$C:$C,MATCH($B5,Pegawai!$A:$A,0)),"")) | G5: =IF($B5="","",IFERROR(INDEX(Pegawai!$D:$D,MATCH($B5,Pegawai!$A:$A,0)),"")) | H5: =IF($B5="","",IF(ISNA(MATCH($B5,Pegawai!$A:$A,0)),"Nama tidak ada di daftar Pegawai",IF($A5="","Nomor SPD belum diisi",IF($C5="","Tempat tujuan kosong",IF(NOT(ISNUMBER($D5)),"Tanggal kosong/bukan tanggal",IF(COUNTIF($B$2:$B$200,$B5)>6,"OK",IF(COUNTIFS($B$2:$B$200,$B5,$A$2:$A$200,"<>"&$A5)>0,"Nomor SPD berbeda untuk pegawai yang sama","OK"))))))) | I5: =IF($A5="","",IF(ISNUMBER(SEARCH("/",$A5)),$A5,IF(Kegiatan!$B$3="","(isi Tanggal dikeluarkan)",$A5&"/"&Kegiatan!$B$15&"/"&ROMAN(MONTH(Kegiatan!$B$3))&"/"&YEAR(Kegiatan!$B$3))))
A6: 2311 | B6: NUR FAHMI, S.Tr.Gz | C6: Bonto Bunga Desa Bonto Bunga | D6: 46239 | E6: =IF($B6="","",IFERROR(INDEX(Pegawai!$B:$B,MATCH($B6,Pegawai!$A:$A,0)),"")) | F6: =IF($B6="","",IFERROR(INDEX(Pegawai!$C:$C,MATCH($B6,Pegawai!$A:$A,0)),"")) | G6: =IF($B6="","",IFERROR(INDEX(Pegawai!$D:$D,MATCH($B6,Pegawai!$A:$A,0)),"")) | H6: =IF($B6="","",IF(ISNA(MATCH($B6,Pegawai!$A:$A,0)),"Nama tidak ada di daftar Pegawai",IF($A6="","Nomor SPD belum diisi",IF($C6="","Tempat tujuan kosong",IF(NOT(ISNUMBER($D6)),"Tanggal kosong/bukan tanggal",IF(COUNTIF($B$2:$B$200,$B6)>6,"OK",IF(COUNTIFS($B$2:$B$200,$B6,$A$2:$A$200,"<>"&$A6)>0,"Nomor SPD berbeda untuk pegawai yang sama","OK"))))))) | I6: =IF($A6="","",IF(ISNUMBER(SEARCH("/",$A6)),$A6,IF(Kegiatan!$B$3="","(isi Tanggal dikeluarkan)",$A6&"/"&Kegiatan!$B$15&"/"&ROMAN(MONTH(Kegiatan!$B$3))&"/"&YEAR(Kegiatan!$B$3))))
A7: 2311 | B7: NUR FAHMI, S.Tr.Gz | C7: Moncongloe Lappara Desa Moncongloe Lappara | D7: 46240 | E7: =IF($B7="","",IFERROR(INDEX(Pegawai!$B:$B,MATCH($B7,Pegawai!$A:$A,0)),"")) | F7: =IF($B7="","",IFERROR(INDEX(Pegawai!$C:$C,MATCH($B7,Pegawai!$A:$A,0)),"")) | G7: =IF($B7="","",IFERROR(INDEX(Pegawai!$D:$D,MATCH($B7,Pegawai!$A:$A,0)),"")) | H7: =IF($B7="","",IF(ISNA(MATCH($B7,Pegawai!$A:$A,0)),"Nama tidak ada di daftar Pegawai",IF($A7="","Nomor SPD belum diisi",IF($C7="","Tempat tujuan kosong",IF(NOT(ISNUMBER($D7)),"Tanggal kosong/bukan tanggal",IF(COUNTIF($B$2:$B$200,$B7)>6,"OK",IF(COUNTIFS($B$2:$B$200,$B7,$A$2:$A$200,"<>"&$A7)>0,"Nomor SPD berbeda untuk pegawai yang sama","OK"))))))) | I7: =IF($A7="","",IF(ISNUMBER(SEARCH("/",$A7)),$A7,IF(Kegiatan!$B$3="","(isi Tanggal dikeluarkan)",$A7&"/"&Kegiatan!$B$15&"/"&ROMAN(MONTH(Kegiatan!$B$3))&"/"&YEAR(Kegiatan!$B$3))))
A8: 2311 | B8: NUR FAHMI, S.Tr.Gz | C8: Diccekang Desa Moncongloe Bulu | D8: 46241 | E8: =IF($B8="","",IFERROR(INDEX(Pegawai!$B:$B,MATCH($B8,Pegawai!$A:$A,0)),"")) | F8: =IF($B8="","",IFERROR(INDEX(Pegawai!$C:$C,MATCH($B8,Pegawai!$A:$A,0)),"")) | G8: =IF($B8="","",IFERROR(INDEX(Pegawai!$D:$D,MATCH($B8,Pegawai!$A:$A,0)),"")) | H8: =IF($B8="","",IF(ISNA(MATCH($B8,Pegawai!$A:$A,0)),"Nama tidak ada di daftar Pegawai",IF($A8="","Nomor SPD belum diisi",IF($C8="","Tempat tujuan kosong",IF(NOT(ISNUMBER($D8)),"Tanggal kosong/bukan tanggal",IF(COUNTIF($B$2:$B$200,$B8)>6,"OK",IF(COUNTIFS($B$2:$B$200,$B8,$A$2:$A$200,"<>"&$A8)>0,"Nomor SPD berbeda untuk pegawai yang sama","OK"))))))) | I8: =IF($A8="","",IF(ISNUMBER(SEARCH("/",$A8)),$A8,IF(Kegiatan!$B$3="","(isi Tanggal dikeluarkan)",$A8&"/"&Kegiatan!$B$15&"/"&ROMAN(MONTH(Kegiatan!$B$3))&"/"&YEAR(Kegiatan!$B$3))))
A9: 2311 | B9: NUR FAHMI, S.Tr.Gz | C9: Asabri Desa Moncongloe Lappara | D9: 46244 | E9: =IF($B9="","",IFERROR(INDEX(Pegawai!$B:$B,MATCH($B9,Pegawai!$A:$A,0)),"")) | F9: =IF($B9="","",IFERROR(INDEX(Pegawai!$C:$C,MATCH($B9,Pegawai!$A:$A,0)),"")) | G9: =IF($B9="","",IFERROR(INDEX(Pegawai!$D:$D,MATCH($B9,Pegawai!$A:$A,0)),"")) | H9: =IF($B9="","",IF(ISNA(MATCH($B9,Pegawai!$A:$A,0)),"Nama tidak ada di daftar Pegawai",IF($A9="","Nomor SPD belum diisi",IF($C9="","Tempat tujuan kosong",IF(NOT(ISNUMBER($D9)),"Tanggal kosong/bukan tanggal",IF(COUNTIF($B$2:$B$200,$B9)>6,"OK",IF(COUNTIFS($B$2:$B$200,$B9,$A$2:$A$200,"<>"&$A9)>0,"Nomor SPD berbeda untuk pegawai yang sama","OK"))))))) | I9: =IF($A9="","",IF(ISNUMBER(SEARCH("/",$A9)),$A9,IF(Kegiatan!$B$3="","(isi Tanggal dikeluarkan)",$A9&"/"&Kegiatan!$B$15&"/"&ROMAN(MONTH(Kegiatan!$B$3))&"/"&YEAR(Kegiatan!$B$3))))
A10: 2311 | B10: NUR FAHMI, S.Tr.Gz | C10: Ballapati Desa Moncongloe Lappara | D10: 46245 | E10: =IF($B10="","",IFERROR(INDEX(Pegawai!$B:$B,MATCH($B10,Pegawai!$A:$A,0)),"")) | F10: =IF($B10="","",IFERROR(INDEX(Pegawai!$C:$C,MATCH($B10,Pegawai!$A:$A,0)),"")) | G10: =IF($B10="","",IFERROR(INDEX(Pegawai!$D:$D,MATCH($B10,Pegawai!$A:$A,0)),"")) | H10: =IF($B10="","",IF(ISNA(MATCH($B10,Pegawai!$A:$A,0)),"Nama tidak ada di daftar Pegawai",IF($A10="","Nomor SPD belum diisi",IF($C10="","Tempat tujuan kosong",IF(NOT(ISNUMBER($D10)),"Tanggal kosong/bukan tanggal",IF(COUNTIF($B$2:$B$200,$B10)>6,"OK",IF(COUNTIFS($B$2:$B$200,$B10,$A$2:$A$200,"<>"&$A10)>0,"Nomor SPD berbeda untuk pegawai yang sama","OK"))))))) | I10: =IF($A10="","",IF(ISNUMBER(SEARCH("/",$A10)),$A10,IF(Kegiatan!$B$3="","(isi Tanggal dikeluarkan)",$A10&"/"&Kegiatan!$B$15&"/"&ROMAN(MONTH(Kegiatan!$B$3))&"/"&YEAR(Kegiatan!$B$3))))
A11: 2311 | B11: NUR FAHMI, S.Tr.Gz | C11: Manjalling Desa Bonto Bunga | D11: 46247 | E11: =IF($B11="","",IFERROR(INDEX(Pegawai!$B:$B,MATCH($B11,Pegawai!$A:$A,0)),"")) | F11: =IF($B11="","",IFERROR(INDEX(Pegawai!$C:$C,MATCH($B11,Pegawai!$A:$A,0)),"")) | G11: =IF($B11="","",IFERROR(INDEX(Pegawai!$D:$D,MATCH($B11,Pegawai!$A:$A,0)),"")) | H11: =IF($B11="","",IF(ISNA(MATCH($B11,Pegawai!$A:$A,0)),"Nama tidak ada di daftar Pegawai",IF($A11="","Nomor SPD belum diisi",IF($C11="","Tempat tujuan kosong",IF(NOT(ISNUMBER($D11)),"Tanggal kosong/bukan tanggal",IF(COUNTIF($B$2:$B$200,$B11)>6,"OK",IF(COUNTIFS($B$2:$B$200,$B11,$A$2:$A$200,"<>"&$A11)>0,"Nomor SPD berbeda untuk pegawai yang sama","OK"))))))) | I11: =IF($A11="","",IF(ISNUMBER(SEARCH("/",$A11)),$A11,IF(Kegiatan!$B$3="","(isi Tanggal dikeluarkan)",$A11&"/"&Kegiatan!$B$15&"/"&ROMAN(MONTH(Kegiatan!$B$3))&"/"&YEAR(Kegiatan!$B$3))))
A12: 2312 | B12: STARTI TAKWIN, S. Gz | C12: Baruga Desa Moncongloe Lappara | D12: 46247 | E12: =IF($B12="","",IFERROR(INDEX(Pegawai!$B:$B,MATCH($B12,Pegawai!$A:$A,0)),"")) | F12: =IF($B12="","",IFERROR(INDEX(Pegawai!$C:$C,MATCH($B12,Pegawai!$A:$A,0)),"")) | G12: =IF($B12="","",IFERROR(INDEX(Pegawai!$D:$D,MATCH($B12,Pegawai!$A:$A,0)),"")) | H12: =IF($B12="","",IF(ISNA(MATCH($B12,Pegawai!$A:$A,0)),"Nama tidak ada di daftar Pegawai",IF($A12="","Nomor SPD belum diisi",IF($C12="","Tempat tujuan kosong",IF(NOT(ISNUMBER($D12)),"Tanggal kosong/bukan tanggal",IF(COUNTIF($B$2:$B$200,$B12)>6,"OK",IF(COUNTIFS($B$2:$B$200,$B12,$A$2:$A$200,"<>"&$A12)>0,"Nomor SPD berbeda untuk pegawai yang sama","OK"))))))) | I12: =IF($A12="","",IF(ISNUMBER(SEARCH("/",$A12)),$A12,IF(Kegiatan!$B$3="","(isi Tanggal dikeluarkan)",$A12&"/"&Kegiatan!$B$15&"/"&ROMAN(MONTH(Kegiatan!$B$3))&"/"&YEAR(Kegiatan!$B$3))))
A13: 2312 | B13: STARTI TAKWIN, S. Gz | C13: Home Base Desa Moncongloe Bulu | D13: 46248 | E13: =IF($B13="","",IFERROR(INDEX(Pegawai!$B:$B,MATCH($B13,Pegawai!$A:$A,0)),"")) | F13: =IF($B13="","",IFERROR(INDEX(Pegawai!$C:$C,MATCH($B13,Pegawai!$A:$A,0)),"")) | G13: =IF($B13="","",IFERROR(INDEX(Pegawai!$D:$D,MATCH($B13,Pegawai!$A:$A,0)),"")) | H13: =IF($B13="","",IF(ISNA(MATCH($B13,Pegawai!$A:$A,0)),"Nama tidak ada di daftar Pegawai",IF($A13="","Nomor SPD belum diisi",IF($C13="","Tempat tujuan kosong",IF(NOT(ISNUMBER($D13)),"Tanggal kosong/bukan tanggal",IF(COUNTIF($B$2:$B$200,$B13)>6,"OK",IF(COUNTIFS($B$2:$B$200,$B13,$A$2:$A$200,"<>"&$A13)>0,"Nomor SPD berbeda untuk pegawai yang sama","OK"))))))) | I13: =IF($A13="","",IF(ISNUMBER(SEARCH("/",$A13)),$A13,IF(Kegiatan!$B$3="","(isi Tanggal dikeluarkan)",$A13&"/"&Kegiatan!$B$15&"/"&ROMAN(MONTH(Kegiatan!$B$3))&"/"&YEAR(Kegiatan!$B$3))))
... A41: 2309 | B41: Riski Ilhani, A.Md.GZ | C41: Jene Tallasa Desa Bonto Bunga | D41: 46249 | E41: =IF($B41="","",IFERROR(INDEX(Pegawai!$B:$B,MATCH($B41,Pegawai!$A:$A,0)),"")) | F41: =IF($B41="","",IFERROR(INDEX(Pegawai!$C:$C,MATCH($B41,Pegawai!$A:$A,0)),"")) | G41: =IF($B41="","",IFERROR(INDEX(Pegawai!$D:$D,MATCH($B41,Pegawai!$A:$A,0)),"")) | H41: =IF($B41="","",IF(ISNA(MATCH($B41,Pegawai!$A:$A,0)),"Nama tidak ada di daftar Pegawai",IF($A41="","Nomor SPD belum diisi",IF($C41="","Tempat tujuan kosong",IF(NOT(ISNUMBER($D41)),"Tanggal kosong/bukan tanggal",IF(COUNTIF($B$2:$B$200,$B41)>6,"OK",IF(COUNTIFS($B$2:$B$200,$B41,$A$2:$A$200,"<>"&$A41)>0,"Nomor SPD berbeda untuk pegawai yang sama","OK"))))))) | I41: =IF($A41="","",IF(ISNUMBER(SEARCH("/",$A41)),$A41,IF(Kegiatan!$B$3="","(isi Tanggal dikeluarkan)",$A41&"/"&Kegiatan!$B$15&"/"&ROMAN(MONTH(Kegiatan!$B$3))&"/"&YEAR(Kegiatan!$B$3))))
E42: =IF($B42="","",IFERROR(INDEX(Pegawai!$B:$B,MATCH($B42,Pegawai!$A:$A,0)),"")) | F42: =IF($B42="","",IFERROR(INDEX(Pegawai!$C:$C,MATCH($B42,Pegawai!$A:$A,0)),"")) | G42: =IF($B42="","",IFERROR(INDEX(Pegawai!$D:$D,MATCH($B42,Pegawai!$A:$A,0)),"")) | H42: =IF($B42="","",IF(ISNA(MATCH($B42,Pegawai!$A:$A,0)),"Nama tidak ada di daftar Pegawai",IF($A42="","Nomor SPD belum diisi",IF($C42="","Tempat tujuan kosong",IF(NOT(ISNUMBER($D42)),"Tanggal kosong/bukan tanggal",IF(COUNTIF($B$2:$B$200,$B42)>6,"OK",IF(COUNTIFS($B$2:$B$200,$B42,$A$2:$A$200,"<>"&$A42)>0,"Nomor SPD berbeda untuk pegawai yang sama","OK"))))))) | I42: =IF($A42="","",IF(ISNUMBER(SEARCH("/",$A42)),$A42,IF(Kegiatan!$B$3="","(isi Tanggal dikeluarkan)",$A42&"/"&Kegiatan!$B$15&"/"&ROMAN(MONTH(Kegiatan!$B$3))&"/"&YEAR(Kegiatan!$B$3))))
E43: =IF($B43="","",IFERROR(INDEX(Pegawai!$B:$B,MATCH($B43,Pegawai!$A:$A,0)),"")) | F43: =IF($B43="","",IFERROR(INDEX(Pegawai!$C:$C,MATCH($B43,Pegawai!$A:$A,0)),"")) | G43: =IF($B43="","",IFERROR(INDEX(Pegawai!$D:$D,MATCH($B43,Pegawai!$A:$A,0)),"")) | H43: =IF($B43="","",IF(ISNA(MATCH($B43,Pegawai!$A:$A,0)),"Nama tidak ada di daftar Pegawai",IF($A43="","Nomor SPD belum diisi",IF($C43="","Tempat tujuan kosong",IF(NOT(ISNUMBER($D43)),"Tanggal kosong/bukan tanggal",IF(COUNTIF($B$2:$B$200,$B43)>6,"OK",IF(COUNTIFS($B$2:$B$200,$B43,$A$2:$A$200,"<>"&$A43)>0,"Nomor SPD berbeda untuk pegawai yang sama","OK"))))))) | I43: =IF($A43="","",IF(ISNUMBER(SEARCH("/",$A43)),$A43,IF(Kegiatan!$B$3="","(isi Tanggal dikeluarkan)",$A43&"/"&Kegiatan!$B$15&"/"&ROMAN(MONTH(Kegiatan!$B$3))&"/"&YEAR(Kegiatan!$B$3))))
E44: =IF($B44="","",IFERROR(INDEX(Pegawai!$B:$B,MATCH($B44,Pegawai!$A:$A,0)),"")) | F44: =IF($B44="","",IFERROR(INDEX(Pegawai!$C:$C,MATCH($B44,Pegawai!$A:$A,0)),"")) | G44: =IF($B44="","",IFERROR(INDEX(Pegawai!$D:$D,MATCH($B44,Pegawai!$A:$A,0)),"")) | H44: =IF($B44="","",IF(ISNA(MATCH($B44,Pegawai!$A:$A,0)),"Nama tidak ada di daftar Pegawai",IF($A44="","Nomor SPD belum diisi",IF($C44="","Tempat tujuan kosong",IF(NOT(ISNUMBER($D44)),"Tanggal kosong/bukan tanggal",IF(COUNTIF($B$2:$B$200,$B44)>6,"OK",IF(COUNTIFS($B$2:$B$200,$B44,$A$2:$A$200,"<>"&$A44)>0,"Nomor SPD berbeda untuk pegawai yang sama","OK"))))))) | I44: =IF($A44="","",IF(ISNUMBER(SEARCH("/",$A44)),$A44,IF(Kegiatan!$B$3="","(isi Tanggal dikeluarkan)",$A44&"/"&Kegiatan!$B$15&"/"&ROMAN(MONTH(Kegiatan!$B$3))&"/"&YEAR(Kegiatan!$B$3))))
E45: =IF($B45="","",IFERROR(INDEX(Pegawai!$B:$B,MATCH($B45,Pegawai!$A:$A,0)),"")) | F45: =IF($B45="","",IFERROR(INDEX(Pegawai!$C:$C,MATCH($B45,Pegawai!$A:$A,0)),"")) | G45: =IF($B45="","",IFERROR(INDEX(Pegawai!$D:$D,MATCH($B45,Pegawai!$A:$A,0)),"")) | H45: =IF($B45="","",IF(ISNA(MATCH($B45,Pegawai!$A:$A,0)),"Nama tidak ada di daftar Pegawai",IF($A45="","Nomor SPD belum diisi",IF($C45="","Tempat tujuan kosong",IF(NOT(ISNUMBER($D45)),"Tanggal kosong/bukan tanggal",IF(COUNTIF($B$2:$B$200,$B45)>6,"OK",IF(COUNTIFS($B$2:$B$200,$B45,$A$2:$A$200,"<>"&$A45)>0,"Nomor SPD berbeda untuk pegawai yang sama","OK"))))))) | I45: =IF($A45="","",IF(ISNUMBER(SEARCH("/",$A45)),$A45,IF(Kegiatan!$B$3="","(isi Tanggal dikeluarkan)",$A45&"/"&Kegiatan!$B$15&"/"&ROMAN(MONTH(Kegiatan!$B$3))&"/"&YEAR(Kegiatan!$B$3))))
E46: =IF($B46="","",IFERROR(INDEX(Pegawai!$B:$B,MATCH($B46,Pegawai!$A:$A,0)),"")) | F46: =IF($B46="","",IFERROR(INDEX(Pegawai!$C:$C,MATCH($B46,Pegawai!$A:$A,0)),"")) | G46: =IF($B46="","",IFERROR(INDEX(Pegawai!$D:$D,MATCH($B46,Pegawai!$A:$A,0)),"")) | H46: =IF($B46="","",IF(ISNA(MATCH($B46,Pegawai!$A:$A,0)),"Nama tidak ada di daftar Pegawai",IF($A46="","Nomor SPD belum diisi",IF($C46="","Tempat tujuan kosong",IF(NOT(ISNUMBER($D46)),"Tanggal kosong/bukan tanggal",IF(COUNTIF($B$2:$B$200,$B46)>6,"OK",IF(COUNTIFS($B$2:$B$200,$B46,$A$2:$A$200,"<>"&$A46)>0,"Nomor SPD berbeda untuk pegawai yang sama","OK"))))))) | I46: =IF($A46="","",IF(ISNUMBER(SEARCH("/",$A46)),$A46,IF(Kegiatan!$B$3="","(isi Tanggal dikeluarkan)",$A46&"/"&Kegiatan!$B$15&"/"&ROMAN(MONTH(Kegiatan!$B$3))&"/"&YEAR(Kegiatan!$B$3))))
E47: =IF($B47="","",IFERROR(INDEX(Pegawai!$B:$B,MATCH($B47,Pegawai!$A:$A,0)),"")) | F47: =IF($B47="","",IFERROR(INDEX(Pegawai!$C:$C,MATCH($B47,Pegawai!$A:$A,0)),"")) | G47: =IF($B47="","",IFERROR(INDEX(Pegawai!$D:$D,MATCH($B47,Pegawai!$A:$A,0)),"")) | H47: =IF($B47="","",IF(ISNA(MATCH($B47,Pegawai!$A:$A,0)),"Nama tidak ada di daftar Pegawai",IF($A47="","Nomor SPD belum diisi",IF($C47="","Tempat tujuan kosong",IF(NOT(ISNUMBER($D47)),"Tanggal kosong/bukan tanggal",IF(COUNTIF($B$2:$B$200,$B47)>6,"OK",IF(COUNTIFS($B$2:$B$200,$B47,$A$2:$A$200,"<>"&$A47)>0,"Nomor SPD berbeda untuk pegawai yang sama","OK"))))))) | I47: =IF($A47="","",IF(ISNUMBER(SEARCH("/",$A47)),$A47,IF(Kegiatan!$B$3="","(isi Tanggal dikeluarkan)",$A47&"/"&Kegiatan!$B$15&"/"&ROMAN(MONTH(Kegiatan!$B$3))&"/"&YEAR(Kegiatan!$B$3))))
E48: =IF($B48="","",IFERROR(INDEX(Pegawai!$B:$B,MATCH($B48,Pegawai!$A:$A,0)),"")) | F48: =IF($B48="","",IFERROR(INDEX(Pegawai!$C:$C,MATCH($B48,Pegawai!$A:$A,0)),"")) | G48: =IF($B48="","",IFERROR(INDEX(Pegawai!$D:$D,MATCH($B48,Pegawai!$A:$A,0)),"")) | H48: =IF($B48="","",IF(ISNA(MATCH($B48,Pegawai!$A:$A,0)),"Nama tidak ada di daftar Pegawai",IF($A48="","Nomor SPD belum diisi",IF($C48="","Tempat tujuan kosong",IF(NOT(ISNUMBER($D48)),"Tanggal kosong/bukan tanggal",IF(COUNTIF($B$2:$B$200,$B48)>6,"OK",IF(COUNTIFS($B$2:$B$200,$B48,$A$2:$A$200,"<>"&$A48)>0,"Nomor SPD berbeda untuk pegawai yang sama","OK"))))))) | I48: =IF($A48="","",IF(ISNUMBER(SEARCH("/",$A48)),$A48,IF(Kegiatan!$B$3="","(isi Tanggal dikeluarkan)",$A48&"/"&Kegiatan!$B$15&"/"&ROMAN(MONTH(Kegiatan!$B$3))&"/"&YEAR(Kegiatan!$B$3))))
E49: =IF($B49="","",IFERROR(INDEX(Pegawai!$B:$B,MATCH($B49,Pegawai!$A:$A,0)),"")) | F49: =IF($B49="","",IFERROR(INDEX(Pegawai!$C:$C,MATCH($B49,Pegawai!$A:$A,0)),"")) | G49: =IF($B49="","",IFERROR(INDEX(Pegawai!$D:$D,MATCH($B49,Pegawai!$A:$A,0)),"")) | H49: =IF($B49="","",IF(ISNA(MATCH($B49,Pegawai!$A:$A,0)),"Nama tidak ada di daftar Pegawai",IF($A49="","Nomor SPD belum diisi",IF($C49="","Tempat tujuan kosong",IF(NOT(ISNUMBER($D49)),"Tanggal kosong/bukan tanggal",IF(COUNTIF($B$2:$B$200,$B49)>6,"OK",IF(COUNTIFS($B$2:$B$200,$B49,$A$2:$A$200,"<>"&$A49)>0,"Nomor SPD berbeda untuk pegawai yang sama","OK"))))))) | I49: =IF($A49="","",IF(ISNUMBER(SEARCH("/",$A49)),$A49,IF(Kegiatan!$B$3="","(isi Tanggal dikeluarkan)",$A49&"/"&Kegiatan!$B$15&"/"&ROMAN(MONTH(Kegiatan!$B$3))&"/"&YEAR(Kegiatan!$B$3))))
E50: =IF($B50="","",IFERROR(INDEX(Pegawai!$B:$B,MATCH($B50,Pegawai!$A:$A,0)),"")) | F50: =IF($B50="","",IFERROR(INDEX(Pegawai!$C:$C,MATCH($B50,Pegawai!$A:$A,0)),"")) | G50: =IF($B50="","",IFERROR(INDEX(Pegawai!$D:$D,MATCH($B50,Pegawai!$A:$A,0)),"")) | H50: =IF($B50="","",IF(ISNA(MATCH($B50,Pegawai!$A:$A,0)),"Nama tidak ada di daftar Pegawai",IF($A50="","Nomor SPD belum diisi",IF($C50="","Tempat tujuan kosong",IF(NOT(ISNUMBER($D50)),"Tanggal kosong/bukan tanggal",IF(COUNTIF($B$2:$B$200,$B50)>6,"OK",IF(COUNTIFS($B$2:$B$200,$B50,$A$2:$A$200,"<>"&$A50)>0,"Nomor SPD berbeda untuk pegawai yang sama","OK"))))))) | I50: =IF($A50="","",IF(ISNUMBER(SEARCH("/",$A50)),$A50,IF(Kegiatan!$B$3="","(isi Tanggal dikeluarkan)",$A50&"/"&Kegiatan!$B$15&"/"&ROMAN(MONTH(Kegiatan!$B$3))&"/"&YEAR(Kegiatan!$B$3))))
E51: =IF($B51="","",IFERROR(INDEX(Pegawai!$B:$B,MATCH($B51,Pegawai!$A:$A,0)),"")) | F51: =IF($B51="","",IFERROR(INDEX(Pegawai!$C:$C,MATCH($B51,Pegawai!$A:$A,0)),"")) | G51: =IF($B51="","",IFERROR(INDEX(Pegawai!$D:$D,MATCH($B51,Pegawai!$A:$A,0)),"")) | H51: =IF($B51="","",IF(ISNA(MATCH($B51,Pegawai!$A:$A,0)),"Nama tidak ada di daftar Pegawai",IF($A51="","Nomor SPD belum diisi",IF($C51="","Tempat tujuan kosong",IF(NOT(ISNUMBER($D51)),"Tanggal kosong/bukan tanggal",IF(COUNTIF($B$2:$B$200,$B51)>6,"OK",IF(COUNTIFS($B$2:$B$200,$B51,$A$2:$A$200,"<>"&$A51)>0,"Nomor SPD berbeda untuk pegawai yang sama","OK"))))))) | I51: =IF($A51="","",IF(ISNUMBER(SEARCH("/",$A51)),$A51,IF(Kegiatan!$B$3="","(isi Tanggal dikeluarkan)",$A51&"/"&Kegiatan!$B$15&"/"&ROMAN(MONTH(Kegiatan!$B$3))&"/"&YEAR(Kegiatan!$B$3))))
E52: =IF($B52="","",IFERROR(INDEX(Pegawai!$B:$B,MATCH($B52,Pegawai!$A:$A,0)),"")) | F52: =IF($B52="","",IFERROR(INDEX(Pegawai!$C:$C,MATCH($B52,Pegawai!$A:$A,0)),"")) | G52: =IF($B52="","",IFERROR(INDEX(Pegawai!$D:$D,MATCH($B52,Pegawai!$A:$A,0)),"")) | H52: =IF($B52="","",IF(ISNA(MATCH($B52,Pegawai!$A:$A,0)),"Nama tidak ada di daftar Pegawai",IF($A52="","Nomor SPD belum diisi",IF($C52="","Tempat tujuan kosong",IF(NOT(ISNUMBER($D52)),"Tanggal kosong/bukan tanggal",IF(COUNTIF($B$2:$B$200,$B52)>6,"OK",IF(COUNTIFS($B$2:$B$200,$B52,$A$2:$A$200,"<>"&$A52)>0,"Nomor SPD berbeda untuk pegawai yang sama","OK"))))))) | I52: =IF($A52="","",IF(ISNUMBER(SEARCH("/",$A52)),$A52,IF(Kegiatan!$B$3="","(isi Tanggal dikeluarkan)",$A52&"/"&Kegiatan!$B$15&"/"&ROMAN(MONTH(Kegiatan!$B$3))&"/"&YEAR(Kegiatan!$B$3))))
E53: =IF($B53="","",IFERROR(INDEX(Pegawai!$B:$B,MATCH($B53,Pegawai!$A:$A,0)),"")) | F53: =IF($B53="","",IFERROR(INDEX(Pegawai!$C:$C,MATCH($B53,Pegawai!$A:$A,0)),"")) | G53: =IF($B53="","",IFERROR(INDEX(Pegawai!$D:$D,MATCH($B53,Pegawai!$A:$A,0)),"")) | H53: =IF($B53="","",IF(ISNA(MATCH($B53,Pegawai!$A:$A,0)),"Nama tidak ada di daftar Pegawai",IF($A53="","Nomor SPD belum diisi",IF($C53="","Tempat tujuan kosong",IF(NOT(ISNUMBER($D53)),"Tanggal kosong/bukan tanggal",IF(COUNTIF($B$2:$B$200,$B53)>6,"OK",IF(COUNTIFS($B$2:$B$200,$B53,$A$2:$A$200,"<>"&$A53)>0,"Nomor SPD berbeda untuk pegawai yang sama","OK"))))))) | I53: =IF($A53="","",IF(ISNUMBER(SEARCH("/",$A53)),$A53,IF(Kegiatan!$B$3="","(isi Tanggal dikeluarkan)",$A53&"/"&Kegiatan!$B$15&"/"&ROMAN(MONTH(Kegiatan!$B$3))&"/"&YEAR(Kegiatan!$B$3))))
... E200: =IF($B200="","",IFERROR(INDEX(Pegawai!$B:$B,MATCH($B200,Pegawai!$A:$A,0)),"")) | F200: =IF($B200="","",IFERROR(INDEX(Pegawai!$C:$C,MATCH($B200,Pegawai!$A:$A,0)),"")) | G200: =IF($B200="","",IFERROR(INDEX(Pegawai!$D:$D,MATCH($B200,Pegawai!$A:$A,0)),"")) | H200: =IF($B200="","",IF(ISNA(MATCH($B200,Pegawai!$A:$A,0)),"Nama tidak ada di daftar Pegawai",IF($A200="","Nomor SPD belum diisi",IF($C200="","Tempat tujuan kosong",IF(NOT(ISNUMBER($D200)),"Tanggal kosong/bukan tanggal",IF(COUNTIF($B$2:$B$200,$B200)>6,"OK",IF(COUNTIFS($B$2:$B$200,$B200,$A$2:$A$200,"<>"&$A200)>0,"Nomor SPD berbeda untuk pegawai yang sama","OK"))))))) | I200: =IF($A200="","",IF(ISNUMBER(SEARCH("/",$A200)),$A200,IF(Kegiatan!$B$3="","(isi Tanggal dikeluarkan)",$A200&"/"&Kegiatan!$B$15&"/"&ROMAN(MONTH(Kegiatan!$B$3))&"/"&YEAR(Kegiatan!$B$3))))
